{"cameraMode":{"drawMode":0,"name":"Shaded","section":"Shading Mode"},"sceneLighting":false,"audioPlay":false,"sceneViewState":{"m_AlwaysRefresh":false,"showFog":true,"showSkybox":false,"showFlares":true,"showImageEffects":true,"showParticleSystems":true,"showVisualEffectGraphs":true,"m_FxEnabled":false},"in2DMode":false,"pivot":{"x":2.573192596435547,"y":-0.0036076903343200685,"z":18.333881378173829},"rotation":{"x":0.02099994570016861,"y":-0.9775251150131226,"z":0.17221036553382874,"w":0.12229041755199433},"size":2.9010517597198488,"orthographic":false}